"diesel8a87host.user","diesel8a87host.system","diesel8a87host.elapsed"
50.11280446323109088910,15.91426129757572804044,86.24501618519267752465
