"diesel8a87host.user","diesel8a87host.system","diesel8a87host.elapsed"
51.46213043777250836896,20.00886667291285890168,96.18071278731425593377
