"diesel8a87host.user","diesel8a87host.system","diesel8a87host.elapsed"
50.48759037718006695172,15.85444900830287121351,105.61570229851404747023
