"diesel8a87host.user","diesel8a87host.system","diesel8a87host.elapsed"
62.42617187500000000000,16.02068359375000000000,115.01250000000000000000
