"diesel8a87host.user","diesel8a87host.system","diesel8a87host.elapsed"
60.92612881480896699318,17.30072958240218478839,116.66723625068171417140
