"diesel8a87host.user","diesel8a87host.system","diesel8a87host.elapsed"
47.39588153909656354612,16.97089349036410736271,87.60258909841428199172
