"diesel8a87host.user","diesel8a87host.system","diesel8a87host.elapsed"
48.73208078525309200417,16.58194268901317875410,83.60336586914869352390
