"diesel8a87host.user","diesel8a87host.system","diesel8a87host.elapsed"
50.52174133300781250000,18.12528869628906250000,90.18140625000000000000
