"ethanolxb2abhost.user","ethanolxb2abhost.system","ethanolxb2abhost.elapsed"
70.30817745208740234375,18.06083503723144531250,110.78444824218750000000
