"sos-dsldbg-00.user","sos-dsldbg-00.system","sos-dsldbg-00.elapsed"
27.75464894612630208333,2.90570515950520833332,92.45645507812500000000
