"diesel79d4host","leseidlb950"
7.37339566070057713948,24.76423576203173346755
