"diesel8a87host.user","diesel8a87host.system","diesel8a87host.elapsed"
42.96537635207176208496,11.61148528188467025756,89.82693332672119140625
