"diesel79d4host","leseidlb950"
7.34697615066278856974,24.59574092789086673377
