"diesel8a87host.user","diesel8a87host.system","diesel8a87host.elapsed"
45.62108066857963380540,17.68778983969318917754,92.29207170466272315612
