"sos-dsldbg-00.user","sos-dsldbg-00.system","sos-dsldbg-00.elapsed"
27.74250406901041666666,2.87803710937499999999,62.90164062500000000000
