"ethanolxb2abhost.user","ethanolxb2abhost.system","ethanolxb2abhost.elapsed"
69.98722152709960937500,17.72755889892578125000,110.39404296875000000000
