"diesel8a87host.user","diesel8a87host.system","diesel8a87host.elapsed"
46.61560892646218177820,14.16711634515145608089,80.76003237038535504931
