"diesel79d4host","leseidlb950"
7.28307633741214627790,24.67861536856666588548
