"diesel79d4host","leseidlb950"
7.29994142694214328473,24.54387233122708323568
