"diesel8a87host.user","diesel8a87host.system","diesel8a87host.elapsed"
44.18635124119427928235,12.65132975107006132020,101.03957683919230476021
