"diesel8a87host.user","diesel8a87host.system","diesel8a87host.elapsed"
61.20415137463829876365,18.80231648844219176716,119.06161569580211272299
