"diesel8a87host.user","diesel8a87host.system","diesel8a87host.elapsed"
43.14858973161554544455,12.34017752378786402022,74.70250809259633876232
