"diesel8a87host.user","diesel8a87host.system","diesel8a87host.elapsed"
45.50633584260940551757,14.57269308328628540039,83.02320861816406250000
