"diesel8a87host.user","diesel8a87host.system","diesel8a87host.elapsed"
50.75360428138625418448,18.25724583645642945084,98.26035639365712796688
