"diesel8a87host.user","diesel8a87host.system","diesel8a87host.elapsed"
52.36786409863707044326,19.77099059254551342033,102.58657363730178524896
