"diesel8a87host.user","diesel8a87host.system","diesel8a87host.elapsed"
60.53915594528989367272,16.69092603052763698544,114.72260098098763204518
