"diesel8a87host.user","diesel8a87host.system","diesel8a87host.elapsed"
60.21145068731914938182,18.70037699422109588358,116.57080784790105636149
