"diesel8a87host.user","diesel8a87host.system","diesel8a87host.elapsed"
48.23871479630470275878,15.93681529164314270019,92.00660430908203125000
