"diesel8a87host.user","diesel8a87host.system","diesel8a87host.elapsed"
43.42824174147099256515,13.67372317287139594554,171.17334166646003723144
