"sos-dsldbg-00.user","sos-dsldbg-00.system","sos-dsldbg-00.elapsed"
27.98664764801661173502,2.92964580853780110676,106.83872230529785156250
