"diesel8a87host.user","diesel8a87host.system","diesel8a87host.elapsed"
44.48374506143387407064,14.83627594348392449319,110.10291770830750465393
