"diesel8a87host.user","diesel8a87host.system","diesel8a87host.elapsed"
53.76863807819312709224,17.93499010572821472542,97.25517819682856398344
