"diesel79d4host","leseidlb950"
7.34433146906368089280,25.62926601288330833543
