"Title","avocadoperfbench"
"Value","Series Label","Build Number","Build Date","URL"
"2.11154376471863906772","diesel8a87host","1","1525723771156",""
"2.77806558664239860706","diesel8a87host","1","1534871487974",""
"3.15376562500000000000","diesel8a87host","1","1534952503371",""
"3.19751953125000000000","diesel8a87host","2","1534953189246",""
