"diesel8a87host.user","diesel8a87host.system","diesel8a87host.elapsed"
36.86431615510097159028,10.56473765773674150126,66.46953175578727117264
