"diesel8a87host.user","diesel8a87host.system","diesel8a87host.elapsed"
42.71694955676794052124,10.53064475797116756439,88.10673333168029785156
