"sos-dsldbg-00.user","sos-dsldbg-00.system","sos-dsldbg-00.elapsed"
27.77273539225260416666,2.89682698567708333332,95.35291015625000000000
