"diesel8a87host.user","diesel8a87host.system","diesel8a87host.elapsed"
43.81503978488107122757,12.61243413284593941625,120.37123677622475952375
