"diesel8a87host.user","diesel8a87host.system","diesel8a87host.elapsed"
46.43400540828704833984,15.34273800253868103027,98.72773330688476562500
