"diesel8a87host.user","diesel8a87host.system","diesel8a87host.elapsed"
63.85806723928335300404,18.54787830497419558577,132.97770054855720896771
