"sos-dsldbg-00.user","sos-dsldbg-00.system","sos-dsldbg-00.elapsed"
27.83576585183540980020,2.93923958023389180501,105.31359028816223144531
