"diesel8a87host.user","diesel8a87host.system","diesel8a87host.elapsed"
44.11125288952428491029,13.57520528138375766502,202.14494710489903809502
