"diesel8a87host.user","diesel8a87host.system","diesel8a87host.elapsed"
56.07721837043762207031,23.47499108314514160156,105.99283447265625000000
