"diesel79d4host","leseidlb950"
7.28694336196151791059,24.80318301601276040446
