"diesel8a87host.user","diesel8a87host.system","diesel8a87host.elapsed"
53.97415606021881103515,18.83163616657257080078,101.08641723632812500000
