"diesel79d4host","leseidlb950"
7.11905273954803582118,25.43009650077552080892
