"diesel8a87host.user","diesel8a87host.system","diesel8a87host.elapsed"
50.27565447365702300104,17.13678694178454468852,86.06615396728717338097
