"diesel8a87host.user","diesel8a87host.system","diesel8a87host.elapsed"
55.65999221609555025480,16.76950746995930582983,107.70248017451882788009
