"diesel8a87host.user","diesel8a87host.system","diesel8a87host.elapsed"
41.58416382940825143756,12.16392424489669029303,71.12913462295544833631
