"diesel8a87host.user","diesel8a87host.system","diesel8a87host.elapsed"
60.64353712427659752731,18.91471110188438353432,121.59323139160422544598
