"Title","avocadokernbench"
"Value","Series Label","Build Number","Build Date","URL"
"48.73208078525309200417","diesel8a87host.user","1","1534869835694",""
"16.58194268901317875410","diesel8a87host.system","1","1534869835694",""
"83.60336586914869352390","diesel8a87host.elapsed","1","1534869835694",""
"49.89153843950154600208","diesel8a87host.user","2","1534881240091",""
"17.26987759450658937705","diesel8a87host.system","2","1534881240091",""
"85.72105793457434676195","diesel8a87host.elapsed","2","1534881240091",""
"50.27565447365702300104","diesel8a87host.user","3","1534967640092",""
"17.13678694178454468852","diesel8a87host.system","3","1534967640092",""
"86.06615396728717338097","diesel8a87host.elapsed","3","1534967640092",""
