"diesel8a87host.user","diesel8a87host.system","diesel8a87host.elapsed"
43.85642058977711712941,13.93242837928024528082,107.24830735676921904087
