"diesel8a87host.user","diesel8a87host.system","diesel8a87host.elapsed"
44.28751155809713964117,13.84972737553503066010,182.96978841959615238010
