"diesel8a87host.user","diesel8a87host.system","diesel8a87host.elapsed"
39.48062299080777272227,10.51141688689393201011,74.65625404629816938116
