"diesel8a87host.user","diesel8a87host.system","diesel8a87host.elapsed"
63.27703125000000000000,19.22781250000000000000,117.74000000000000000000
