"sos-dsldbg-00.user","sos-dsldbg-00.system","sos-dsldbg-00.elapsed"
27.63875820159912109374,2.94495793660481770833,85.53955688476562500000
