"diesel8a87host.user","diesel8a87host.system","diesel8a87host.elapsed"
48.53973632812500000000,17.68336914062500000000,95.71250000000000000000
