"diesel8a87host.user","diesel8a87host.system","diesel8a87host.elapsed"
59.78607804882247341818,16.12962603888190924636,111.60315024524690801129
