"diesel8a87host.user","diesel8a87host.system","diesel8a87host.elapsed"
62.37617187500000000000,16.94261718750000000000,117.52500000000000000000
