"diesel8a87host.user","diesel8a87host.system","diesel8a87host.elapsed"
47.81799641169745422567,15.27286826121164864719,86.07025896308284039451
