"diesel79d4host","leseidlb950"
7.37537275125472357121,24.64352889528323334172
