"Title","avocadodbench"
"Value","Series Label","Build Number","Build Date","URL"
"9426.52500000000000000000","diesel8a87host","1","1526310061803",""
"4703.75430549937014538017","diesel8a87host","1","1534869653842",""
"681.47315537492126817252","diesel8a87host","1","1534945820038",""
"73.82953125000000000000","diesel8a87host","1","1534950901877",""
"6932.84085937500000000000","diesel8a87host","1","1534972873162",""
