"diesel8a87host.user","diesel8a87host.system","diesel8a87host.elapsed"
44.14953269476214245514,13.19041514069187883251,148.91247355244951904751
