"diesel8a87host.user","diesel8a87host.system","diesel8a87host.elapsed"
43.39453035794198513031,14.87994634574279189109,95.43668333292007446289
