"diesel79d4host","leseidlb950"
7.24119206839858511160,25.08360209926666354192
