"ethanolxb2abhost.user","ethanolxb2abhost.system","ethanolxb2abhost.elapsed"
70.41654235839843750000,18.02572387695312500000,112.30492187500000000000
