"sos-dsldbg-00.user","sos-dsldbg-00.system","sos-dsldbg-00.elapsed"
27.56918294270833333333,2.90110677083333333333,93.21656250000000000000
