"diesel8a87host.user","diesel8a87host.system","diesel8a87host.elapsed"
44.84692696215926761081,18.19276717938637835508,87.66414340932544631224
