"diesel8a87host.user","diesel8a87host.system","diesel8a87host.elapsed"
52.01497201954828177306,15.80568112018205368135,89.26629454920714099586
