"diesel8a87host.user","diesel8a87host.system","diesel8a87host.elapsed"
43.97381824786774814128,15.59864563696784898638,122.11583541661500930786
