"sos-dsldbg-00.user","sos-dsldbg-00.system","sos-dsldbg-00.elapsed"
28.01843750000000000000,3.01177083333333333333,51.54000000000000000000
