"ethanolxb2abhost.user","ethanolxb2abhost.system","ethanolxb2abhost.elapsed"
80.00567382812500000000,21.89439453125000000000,145.43500000000000000000
