"ethanolxb2abhost.user","ethanolxb2abhost.system","ethanolxb2abhost.elapsed"
72.55355224609375000000,19.10705566406250000000,119.44218750000000000000
