"sos-dsldbg-00.user","sos-dsldbg-00.system","sos-dsldbg-00.elapsed"
27.66298177083333333333,2.91661458333333333332,93.05625000000000000000
