"diesel8a87host.user","diesel8a87host.system","diesel8a87host.elapsed"
60.29917126557978734545,16.94036768605527397089,116.45520196197526409037
