"diesel8a87host.user","diesel8a87host.system","diesel8a87host.elapsed"
43.26999286353588104248,10.70738326594233512878,90.42346666336059570312
