"diesel79d4host","leseidlb950"
7.18752616126889428487,24.66127378425793336688
