"diesel8a87host.user","diesel8a87host.system","diesel8a87host.elapsed"
46.06908757227414088653,18.39104368509102684067,92.35314727460357049793
