"diesel8a87host.user","diesel8a87host.system","diesel8a87host.elapsed"
43.92565367955423425883,13.79970050856049056164,118.55661471353843808174
