"diesel8a87host.user","diesel8a87host.system","diesel8a87host.elapsed"
43.20805946350097656250,16.55211616516113281250,84.28267578125000000000
