"diesel8a87host.user","diesel8a87host.system","diesel8a87host.elapsed"
60.77395297264494683636,17.10456457776381849272,114.35630049049381602259
