"sos-dsldbg-00.user","sos-dsldbg-00.system","sos-dsldbg-00.elapsed"
27.75588541666666666666,2.95614583333333333333,77.06500000000000000000
