"diesel8a87host.user","diesel8a87host.system","diesel8a87host.elapsed"
46.61043269157409667968,15.18258538007736206054,101.01546661376953125000
