"sos-dsldbg-00.user","sos-dsldbg-00.system","sos-dsldbg-00.elapsed"
27.74647473653157552082,2.93054087320963541666,79.66911376953125000000
