"diesel79d4host","leseidlb950"
7.37567465687736178560,24.47435233826661667086
