"diesel79d4host","leseidlb950"
7.25491215075928656947,24.04038138120416647137
