"diesel8a87host.user","diesel8a87host.system","diesel8a87host.elapsed"
52.02510392431853522163,19.23240935877275671016,97.20828681865089262448
