"diesel8a87host.user","diesel8a87host.system","diesel8a87host.elapsed"
45.72806640625000000000,19.11673828125000000000,88.98500000000000000000
