"diesel8a87host.user","diesel8a87host.system","diesel8a87host.elapsed"
53.26426410675048828125,22.96277683258056640625,106.44133789062500000000
