"diesel8a87host.user","diesel8a87host.system","diesel8a87host.elapsed"
47.99392824475400287513,14.22324888041838058606,80.06139424591089667262
