"diesel8a87host.user","diesel8a87host.system","diesel8a87host.elapsed"
51.00149050109003347586,15.98218544165143560675,97.75285114925702373511
