"sos-dsldbg-00.user","sos-dsldbg-00.system","sos-dsldbg-00.elapsed"
27.52443118413289388020,2.92549980163574218749,91.96977844238281250000
