"diesel8a87host.user","diesel8a87host.system","diesel8a87host.elapsed"
52.47779611587524414062,21.33756029129028320312,105.64566894531250000000
