"diesel8a87host.user","diesel8a87host.system","diesel8a87host.elapsed"
43.35476384088397026062,12.23700206648558378219,91.90336666584014892578
