"sos-dsldbg-00.user","sos-dsldbg-00.system","sos-dsldbg-00.elapsed"
27.95116417591770490010,2.94248437345027923583,79.17679514408111572265
