"sos-dsldbg-00.user","sos-dsldbg-00.system","sos-dsldbg-00.elapsed"
27.78339946269989013671,2.90845828374226888020,104.38744461059570312500
