"diesel8a87host.user","diesel8a87host.system","diesel8a87host.elapsed"
37.99687399540388636113,11.32848188094696600505,70.80812702314908469058
