"ethanolxb2abhost.user","ethanolxb2abhost.system","ethanolxb2abhost.elapsed"
70.10233367919921875000,17.86007873535156250000,111.06683593750000000000
