"sos-dsldbg-00.user","sos-dsldbg-00.system","sos-dsldbg-00.elapsed"
27.70511230468749999999,2.90013671874999999999,71.84328125000000000000
