"diesel79d4host","leseidlb950"
7.32012703589357313895,24.41132916865833294274
