"diesel8a87host.user","diesel8a87host.system","diesel8a87host.elapsed"
43.50318337073549628257,15.58924439893569797277,135.08167083323001861572
