"diesel8a87host.user","diesel8a87host.system","diesel8a87host.elapsed"
61.61389825461793398636,17.62177166480436957679,119.94447250136342834281
