"diesel79d4host","leseidlb950"
7.24044077742217022320,24.80636435478332708385
