"sos-dsldbg-00.user","sos-dsldbg-00.system","sos-dsldbg-00.elapsed"
27.99111503700415293375,2.92347916046778361002,106.72718057632446289062
