"diesel8a87host","sos-dsldbg-00"
9418.18000000000000000000,9148.63772803783416748046
