"diesel8a87host.user","diesel8a87host.system","diesel8a87host.elapsed"
48.55885253906250000000,16.41645019531250000000,90.19125000000000000000
