"diesel8a87host.user","diesel8a87host.system","diesel8a87host.elapsed"
37.02605418520194318056,11.03220969047348300252,67.70906351157454234529
