"diesel8a87host.user","diesel8a87host.system","diesel8a87host.elapsed"
49.21270141601562500000,17.75753051757812500000,88.47281250000000000000
