"diesel8a87host.user","diesel8a87host.system","diesel8a87host.elapsed"
46.80500600814819335937,13.41892076015472412109,101.66093322753906250000
