"diesel8a87host.user","diesel8a87host.system","diesel8a87host.elapsed"
58.58918362355319505463,16.60801595376876706865,123.37646278320845089196
