"sos-dsldbg-00.user","sos-dsldbg-00.system","sos-dsldbg-00.elapsed"
27.71440780639648437499,2.93035257975260416666,91.55822753906250000000
