"ethanolxb2abhost.user","ethanolxb2abhost.system","ethanolxb2abhost.elapsed"
70.05531919479370117187,17.90280033111572265625,110.35409912109375000000
