"diesel8a87host.user","diesel8a87host.system","diesel8a87host.elapsed"
44.30352140404856982058,12.79220743776751533005,139.20989420979807619005
