"Title","perfbench.v4.15.rc6."
"Value","Series Label","Build Number","Build Date","URL"
"19.96533203125000000000","leseidlb950","1","1520533295881",""
"21.32055664062500000000","leseidlb950","2","1520535738430",""
"19.52978515625000000000","diesel8a87host","3","1525290539192",""
