"diesel8a87host.user","diesel8a87host.system","diesel8a87host.elapsed"
53.31525887936013390344,13.54967926660574242703,113.47140459702809494046
