"diesel8a87host.user","diesel8a87host.system","diesel8a87host.elapsed"
53.49137025054501673793,19.30523334582571780337,99.63142557462851186755
