"diesel8a87host.user","diesel8a87host.system","diesel8a87host.elapsed"
50.46346153259277343750,14.43052679061889648437,126.01373291015625000000
