"sos-dsldbg-00.user","sos-dsldbg-00.system","sos-dsldbg-00.elapsed"
27.56224161783854166666,2.88813313802083333332,83.20582031250000000000
