"ethanolxb2abhost.user","ethanolxb2abhost.system","ethanolxb2abhost.elapsed"
70.37268302917480468750,18.03959976196289062500,110.93139648437500000000
