"sos-dsldbg-00.user","sos-dsldbg-00.system","sos-dsldbg-00.elapsed"
27.82098007400830586751,2.92362498760223388671,105.74436115264892578125
