"diesel8a87host.user","diesel8a87host.system","diesel8a87host.elapsed"
47.96081377178981690270,17.38248866984659458877,90.11103585233136157806
