"diesel8a87host.user","diesel8a87host.system","diesel8a87host.elapsed"
48.00442097792436355641,12.98923269030291216179,81.48006474077071009862
