"diesel8a87host.user","diesel8a87host.system","diesel8a87host.elapsed"
45.01685423410846851766,15.53127601712098112329,143.46322942707687616348
