"diesel79d4host","leseidlb950"
7.37792025294929255580,24.76274831525833177096
