"diesel79d4host.user","diesel79d4host.system","diesel79d4host.elapsed","leseidlb950.user","leseidlb950.system","leseidlb950.elapsed"
27.77387283226837832595,2.64471868016807226877,48.08107436364591389055,273.40181575775146484374,23.95664087931315104166,308.46061805725097656250
