"diesel8a87host.user","diesel8a87host.system","diesel8a87host.elapsed"
43.86035873238855856470,13.39133137714012264041,107.11915367838460952043
