"diesel8a87host.user","diesel8a87host.system","diesel8a87host.elapsed"
49.64207031250000000000,18.05644531250000000000,92.52000000000000000000
