"diesel79d4host","leseidlb950"
7.21623311734434044640,25.23260175644165416771
