"ethanolxb2abhost.user","ethanolxb2abhost.system","ethanolxb2abhost.elapsed"
75.07614746093750000000,20.00500976562500000000,128.06312500000000000000
