"sos-dsldbg-00.user","sos-dsldbg-00.system","sos-dsldbg-00.elapsed"
27.63877604166666666666,2.92906249999999999999,87.20250000000000000000
