"diesel8a87host.user","diesel8a87host.system","diesel8a87host.elapsed"
41.61696533203125000000,12.61193603515625000000,76.30562500000000000000
