"diesel8a87host.user","diesel8a87host.system","diesel8a87host.elapsed"
50.81955642700195312500,19.01626358032226562500,99.90535156250000000000
