"diesel79d4host","leseidlb950"
7.13117188534607164236,24.85457776717604161784
