"diesel8a87host.user","diesel8a87host.system","diesel8a87host.elapsed"
43.77028338372026780689,11.99818665821148485406,100.59280919405618988093
