"diesel8a87host.user","diesel8a87host.system","diesel8a87host.elapsed"
51.22795318219110050961,14.15323368991861165966,100.31496034903765576018
