"diesel8a87host.user","diesel8a87host.system","diesel8a87host.elapsed"
49.89153843950154600208,17.26987759450658937705,85.72105793457434676195
