"diesel8a87host.user","diesel8a87host.system","diesel8a87host.elapsed"
49.58364410400390625000,18.31698028564453125000,95.44070312500000000000
