"sos-dsldbg-00.user","sos-dsldbg-00.system","sos-dsldbg-00.elapsed"
27.81742392539978027343,2.93483323415120442707,100.08488922119140625000
