"ethanolxb2abhost.user","ethanolxb2abhost.system","ethanolxb2abhost.elapsed"
71.45755737304687500000,18.58543212890625000000,115.25234375000000000000
