"sos-dsldbg-00.user","sos-dsldbg-00.system","sos-dsldbg-00.elapsed"
27.56097005208333333333,2.92627604166666666666,88.98312500000000000000
