"diesel8a87host.user","diesel8a87host.system","diesel8a87host.elapsed"
44.57980221821693703532,15.37973953424196224659,185.30645885415375232696
