"diesel8a87host.user","diesel8a87host.system","diesel8a87host.elapsed"
44.36059645414352416992,13.37750181376934051513,93.07386665344238281250
