"diesel8a87host.user","diesel8a87host.system","diesel8a87host.elapsed"
48.75388344839490845135,15.72261152242329729438,90.77051792616568078903
