"diesel79d4host","leseidlb950"
7.24369140754325895529,24.63730928144388020223
