"Title","avocadodbench"
"Value","Series Label","Build Number","Build Date","URL"
"1654.37187500000000000000","ethanolxb2abhost","1","1534869681853",""
"1658.27234375000000000000","ethanolxb2abhost","1","1534876914829",""
"1647.20867187500000000000","ethanolxb2abhost","2","1534945417733",""
"1655.88558593750000000000","ethanolxb2abhost","3","1534952470724",""
"1655.49029296875000000000","ethanolxb2abhost","4","1534958509575",""
"1641.56514648437500000000","ethanolxb2abhost","5","1534966948635",""
