"diesel8a87host.user","diesel8a87host.system","diesel8a87host.elapsed"
47.57985758084872711283,13.96198100560582432359,82.46012948154142019725
