"diesel8a87host.user","diesel8a87host.system","diesel8a87host.elapsed"
62.01388940615957469091,19.02596974711054794179,118.25040392395052818074
