"diesel8a87host.user","diesel8a87host.system","diesel8a87host.elapsed"
50.87739754932851150052,16.13496329511102234426,85.73182698364358669048
