"diesel8a87host.user","diesel8a87host.system","diesel8a87host.elapsed"
48.19570312500000000000,21.14296875000000000000,91.04000000000000000000
