"diesel8a87host.user","diesel8a87host.system","diesel8a87host.elapsed"
43.33982426294550575026,12.91702510458676117213,74.06028849182179334524
