"diesel79d4host","leseidlb950"
7.40430995563444714243,24.70990935306646668344
