"diesel8a87host.user","diesel8a87host.system","diesel8a87host.elapsed"
44.00728551744053561378,13.19777956642296970812,107.86561838811237976187
