"diesel8a87host.user","diesel8a87host.system","diesel8a87host.elapsed"
49.36976562500000000000,17.06281250000000000000,93.16000000000000000000
