"diesel8a87host.user","diesel8a87host.system","diesel8a87host.elapsed"
46.62923076629638671875,12.51963839530944824218,107.87186645507812500000
